course_id,course_title,category,partner,price,is_paid,duration_weeks,enrollment_count,rating
0,Law course 0000,Law,School of Arts Bilbao,0,False,6,904,4.4
1,Politics course 0001,Politics & Society,Academy of Leicester,0,False,2,1502,
2,Creative course 0002,Creative Arts & Media,Taipei Medical University,0,False,4,1063,4.2
3,Politics course 0003,Politics & Society,School of Arts Bilbao,0,False,6,2384,
4,Business course 0004,Business & Management,Academy of Lagos,0,False,6,863,
5,Psychology course 0005,Psychology & Mental Health,College of Bogota,0,False,7,1000,
6,Creative course 0006,Creative Arts & Media,School of Business Leuven,0,False,4,3071,
7,Healthcare course 0007,Healthcare & Medicine,School of Business Atlanta,0,False,7,1076,4.6
8,Business course 0008,Business & Management,Institute of Technology Oslo,0,False,3,1912,4.8
9,Nature course 0009,Nature & Environment,Taipei Medical University,0,False,3,617,
10,Psychology course 0010,Psychology & Mental Health,Academy of Leicester,19,True,2,46603,
11,Law course 0011,Law,University of Reading,0,False,4,13257,
12,Teaching course 0012,Teaching,School of Arts Bilbao,0,False,3,3661,
13,Law course 0013,Law,Medical School of Cardiff,0,False,3,1446,
14,Healthcare course 0014,Healthcare & Medicine,School of Arts Cape Town,0,False,6,4701,4.6
15,Teaching course 0015,Teaching,University of Cluj,0,False,3,1919,
16,"Science, course 0016","Science, Engineering & Maths",School of Business Gdansk,0,False,3,1672,
17,Healthcare course 0017,Healthcare & Medicine,Polytechnic of Bologna,0,False,2,5844,
18,Business course 0018,Business & Management,School of Arts Belfast,0,False,4,2608,
19,Business course 0019,Business & Management,University of Leeds,0,False,3,5406,
20,Creative course 0020,Creative Arts & Media,Medical School of Lund,0,False,3,1937,
21,IT course 0021,IT & Computer Science,University of Singapore,0,False,3,3572,
22,Business course 0022,Business & Management,School of Arts Porto,0,False,6,2642,
23,Psychology course 0023,Psychology & Mental Health,College of Seoul,99,True,9,4497,
24,Nature course 0024,Nature & Environment,Medical School of Dublin,59,True,4,32747,
25,Business course 0025,Business & Management,Institute of Technology Toulouse,0,False,5,2683,
26,History course 0026,History,School of Arts Nantes,0,False,8,317,
27,Business course 0027,Business & Management,Institute of Technology Sofia,0,False,11,156,
28,Politics course 0028,Politics & Society,College of Zagreb,0,False,5,3022,
29,Psychology course 0029,Psychology & Mental Health,University of Groningen,0,False,8,7582,
30,Business course 0030,Business & Management,Medical School of Doha,0,False,8,337,
31,Teaching course 0031,Teaching,Academy of Brno,0,False,7,822,
32,Healthcare course 0032,Healthcare & Medicine,Taipei Medical University,0,False,4,1888,
33,Business course 0033,Business & Management,Medical School of Manchester,0,False,2,2500,
34,Creative course 0034,Creative Arts & Media,University of Leeds,0,False,1,562,
35,Politics course 0035,Politics & Society,College of Genoa,0,False,4,3533,
36,Business course 0036,Business & Management,College of Ghent,0,False,4,2313,
37,Law course 0037,Law,Academy of Lagos,0,False,4,1431,
38,Business course 0038,Business & Management,Medical School of Cardiff,0,False,5,1765,
39,Business course 0039,Business & Management,College of Exeter,0,False,5,4616,
40,Psychology course 0040,Psychology & Mental Health,School of Arts Riga,0,False,7,1830,
41,Literature course 0041,Literature,University of Aarhus,0,False,2,8300,
42,Nature course 0042,Nature & Environment,College of Ghent,0,False,3,2028,
43,Politics course 0043,Politics & Society,School of Arts Jakarta,0,False,7,1088,
44,Psychology course 0044,Psychology & Mental Health,University of York,0,False,7,5073,
45,Business course 0045,Business & Management,University of Reading,0,False,11,660,
46,History course 0046,History,Institute of Technology Sofia,0,False,8,220,
47,Teaching course 0047,Teaching,University of York,0,False,8,392,
48,"Science, course 0048","Science, Engineering & Maths",Polytechnic of Twente,0,False,3,1579,
49,Business course 0049,Business & Management,College of Glasgow,0,False,4,2376,
50,"Science, course 0050","Science, Engineering & Maths",School of Arts Riga,0,False,3,1738,
51,Healthcare course 0051,Healthcare & Medicine,Academy of Bern,79,True,5,94976,
52,Law course 0052,Law,School of Business Ljubljana,0,False,9,125,
53,Psychology course 0053,Psychology & Mental Health,School of Business Pisa,0,False,3,4881,
54,Healthcare course 0054,Healthcare & Medicine,University of Singapore,0,False,5,5107,4.8
55,Language course 0055,Language,Institute of Technology Toulouse,0,False,3,9070,
56,Business course 0056,Business & Management,University of Manila,0,False,2,1449,
57,IT course 0057,IT & Computer Science,Institute of Technology Sofia,0,False,2,1551,
58,Law course 0058,Law,Medical School of Cardiff,0,False,1,127,
59,Teaching course 0059,Teaching,Taipei Medical University,0,False,9,103,
60,Language course 0060,Language,College of Phoenix,0,False,4,15253,4.8
61,IT course 0061,IT & Computer Science,School of Business Leuven,0,False,7,658,
62,IT course 0062,IT & Computer Science,Vrije Universiteit Amsterdam,0,False,5,17744,
63,IT course 0063,IT & Computer Science,University of Leeds,0,False,2,5329,
64,Business course 0064,Business & Management,Taipei Medical University,0,False,2,768,
65,History course 0065,History,Academy of Lagos,0,False,7,2479,
66,Healthcare course 0066,Healthcare & Medicine,Polytechnic of Coventry,49,True,3,109995,
67,Politics course 0067,Politics & Society,Institute of Technology Reykjavik,0,False,9,201,
68,Healthcare course 0068,Healthcare & Medicine,Polytechnic of Coventry,0,False,2,3837,
69,IT course 0069,IT & Computer Science,School of Arts Cape Town,0,False,5,2186,
70,Psychology course 0070,Psychology & Mental Health,School of Business Munich,0,False,7,2255,
71,Healthcare course 0071,Healthcare & Medicine,School of Arts Riyadh,19,True,3,93789,
72,"Science, course 0072","Science, Engineering & Maths",Taipei Medical University,0,False,3,1402,4.8
73,Nature course 0073,Nature & Environment,Medical School of Cardiff,0,False,10,96,
74,Psychology course 0074,Psychology & Mental Health,Academy of Leicester,0,False,3,6290,4.7
75,"Science, course 0075","Science, Engineering & Maths",College of Nairobi,0,False,4,3855,
76,Healthcare course 0076,Healthcare & Medicine,Academy of Belgrade,0,False,4,3615,
77,Language course 0077,Language,University of Leeds,0,False,3,60947,
78,Language course 0078,Language,University of Leeds,0,False,6,20407,
79,Psychology course 0079,Psychology & Mental Health,Polytechnic of Bologna,0,False,6,1903,
80,IT course 0080,IT & Computer Science,Academy of Bern,0,False,3,2200,
81,IT course 0081,IT & Computer Science,School of Business Ljubljana,0,False,7,382,
82,"Science, course 0082","Science, Engineering & Maths",University of Leeds,0,False,2,5159,
83,Language course 0083,Language,Institute of Technology Oslo,0,False,1,2596,
84,"Science, course 0084","Science, Engineering & Maths",School of Arts Jakarta,0,False,5,1185,
85,Teaching course 0085,Teaching,School of Business Munich,59,True,11,1348,
86,Creative course 0086,Creative Arts & Media,College of Helsinki,59,True,1,1946,
87,Nature course 0087,Nature & Environment,University of Groningen,0,False,2,20538,4.7
88,Business course 0088,Business & Management,School of Business Hull,0,False,4,2070,
89,Healthcare course 0089,Healthcare & Medicine,Institute of Technology Toulouse,0,False,7,2396,
90,Politics course 0090,Politics & Society,Academy of Maastricht,59,True,2,40835,4.7
91,IT course 0091,IT & Computer Science,University of Leeds,0,False,3,7640,
92,Language course 0092,Language,College of Glasgow,0,False,6,9456,
93,Law course 0093,Law,Medical School of Seville,39,True,3,47929,
94,Business course 0094,Business & Management,Polytechnic of Basel,0,False,2,1358,
95,Teaching course 0095,Teaching,University of Turku,0,False,2,3047,
96,Business course 0096,Business & Management,School of Arts Jakarta,0,False,4,1536,
97,IT course 0097,IT & Computer Science,College of Seoul,39,True,4,64714,5.0
98,IT course 0098,IT & Computer Science,University of Leeds,0,False,8,935,
99,History course 0099,History,School of Business Munich,0,False,5,6373,
100,Nature course 0100,Nature & Environment,Academy of Leicester,0,False,6,1526,
101,Business course 0101,Business & Management,School of Arts Nantes,0,False,11,187,
102,Business course 0102,Business & Management,Medical School of Doha,0,False,4,763,4.3
103,Business course 0103,Business & Management,University of Leeds,0,False,4,8152,
104,Literature course 0104,Literature,University of Leeds,0,False,9,1344,
105,Language course 0105,Language,University of Leeds,0,False,3,40105,
106,Nature course 0106,Nature & Environment,University of Leeds,0,False,6,6546,
107,Teaching course 0107,Teaching,Medical School of Cardiff,0,False,6,1609,
108,Business course 0108,Business & Management,University of Krakow,0,False,2,1215,
109,Business course 0109,Business & Management,University of Leeds,0,False,4,6826,
110,Law course 0110,Law,Polytechnic of Skopje,0,False,2,1734,4.5
111,Business course 0111,Business & Management,University of Manchester,59,True,2,25048,
112,Politics course 0112,Politics & Society,Taipei Medical University,0,False,4,1551,
113,Healthcare course 0113,Healthcare & Medicine,College of Nairobi,0,False,3,5587,
114,Study course 0114,Study Skills,Polytechnic of Montreal,0,False,7,975,4.9
115,IT course 0115,IT & Computer Science,Academy of Leicester,49,True,8,3479,
116,Business course 0116,Business & Management,School of Business Ljubljana,109,True,7,15585,
117,History course 0117,History,University of Turku,0,False,3,2529,
118,Study course 0118,Study Skills,Institute of Technology Tallinn,0,False,3,4354,
119,Psychology course 0119,Psychology & Mental Health,Medical School of Valencia,0,False,3,4150,
120,Business course 0120,Business & Management,University of Reading,0,False,2,10417,
121,History course 0121,History,University of Leeds,0,False,9,987,
122,Business course 0122,Business & Management,College of Ghent,0,False,4,2239,
123,Teaching course 0123,Teaching,Taipei Medical University,0,False,3,2744,4.9
124,IT course 0124,IT & Computer Science,Polytechnic of Toronto,39,True,7,9686,
125,Business course 0125,Business & Management,University of Leeds,0,False,3,4223,
126,Healthcare course 0126,Healthcare & Medicine,College of Seoul,0,False,1,250,
127,Study course 0127,Study Skills,College of Ghent,0,False,2,6931,
128,History course 0128,History,College of Glasgow,0,False,5,4869,
129,IT course 0129,IT & Computer Science,Polytechnic of Coventry,0,False,6,1352,
130,Creative course 0130,Creative Arts & Media,Medical School of Seville,0,False,2,1504,
131,Teaching course 0131,Teaching,Medical School of Seville,0,False,9,161,
132,Healthcare course 0132,Healthcare & Medicine,School of Arts Cape Town,0,False,7,1246,
133,Law course 0133,Law,Polytechnic of Toronto,39,True,7,40663,4.7
134,Business course 0134,Business & Management,University of Manchester,0,False,3,3903,
135,Business course 0135,Business & Management,Taipei Medical University,0,False,1,95,
136,Law course 0136,Law,University of Leeds,0,False,8,714,
137,Study course 0137,Study Skills,School of Arts Cape Town,39,True,3,60431,
138,Politics course 0138,Politics & Society,Academy of Bern,0,False,5,1482,
139,Study course 0139,Study Skills,School of Business Sydney,0,False,6,4003,
140,Business course 0140,Business & Management,Medical School of Seville,0,False,2,3049,
141,Business course 0141,Business & Management,Polytechnic of Toronto,0,False,6,2233,
142,Language course 0142,Language,University of Leeds,0,False,9,3149,
143,"Science, course 0143","Science, Engineering & Maths",Institute of Technology Bergen,0,False,6,1351,
144,IT course 0144,IT & Computer Science,Academy of Osaka,0,False,4,3007,
145,Teaching course 0145,Teaching,University of Turku,0,False,8,274,
146,Healthcare course 0146,Healthcare & Medicine,Taipei Medical University,0,False,4,1757,
147,Creative course 0147,Creative Arts & Media,Institute of Technology Bristol,0,False,6,709,4.5
148,Healthcare course 0148,Healthcare & Medicine,Polytechnic of Verona,0,False,7,1433,
149,History course 0149,History,Institute of Technology Tallinn,0,False,6,5122,
150,Literature course 0150,Literature,Polytechnic of Cairo,0,False,3,3112,
151,Healthcare course 0151,Healthcare & Medicine,Institute of Technology Lima,0,False,2,4080,
152,History course 0152,History,Medical School of Cardiff,0,False,3,5780,
153,Creative course 0153,Creative Arts & Media,University of Manila,59,True,4,37211,
154,Study course 0154,Study Skills,Taipei Medical University,0,False,4,3204,
155,IT course 0155,IT & Computer Science,University of Leeds,0,False,5,5493,
156,Business course 0156,Business & Management,College of Phoenix,0,False,3,1171,
157,Healthcare course 0157,Healthcare & Medicine,University of Granada,0,False,6,1957,
158,Study course 0158,Study Skills,College of Zagreb,59,True,9,6701,
159,Nature course 0159,Nature & Environment,Polytechnic of Twente,0,False,3,2005,
160,Study course 0160,Study Skills,School of Arts Belfast,0,False,6,2017,
161,History course 0161,History,School of Arts Nantes,0,False,5,2827,
162,Law course 0162,Law,Institute of Technology Bristol,69,True,4,64639,
163,Business course 0163,Business & Management,School of Arts Belfast,0,False,2,2667,
164,Healthcare course 0164,Healthcare & Medicine,School of Arts Riga,0,False,7,1863,
165,Healthcare course 0165,Healthcare & Medicine,School of Business Munich,99,True,10,5460,
166,Study course 0166,Study Skills,School of Business Hull,0,False,6,3353,
167,Language course 0167,Language,Polytechnic of Taipei,0,False,9,1143,
168,History course 0168,History,University of Mumbai,0,False,11,339,
169,Healthcare course 0169,Healthcare & Medicine,University of Leeds,0,False,3,9366,4.8
170,Business course 0170,Business & Management,Academy of Lagos,0,False,5,7424,
171,Business course 0171,Business & Management,School of Business Munich,0,False,4,2993,4.8
172,Language course 0172,Language,Taipei Medical University,0,False,11,419,
173,IT course 0173,IT & Computer Science,School of Arts Riga,0,False,2,2147,
174,Teaching course 0174,Teaching,School of Business Hull,0,False,4,1804,
175,Creative course 0175,Creative Arts & Media,College of Exeter,0,False,8,349,
176,Business course 0176,Business & Management,Medical School of Valencia,0,False,3,1717,
177,Teaching course 0177,Teaching,School of Arts Uppsala,0,False,6,2026,
178,Business course 0178,Business & Management,Institute of Technology Bristol,0,False,3,3425,
179,Study course 0179,Study Skills,University of Reading,0,False,10,2341,
180,Business course 0180,Business & Management,Medical School of Geneva,0,False,8,216,
181,Business course 0181,Business & Management,School of Arts Riyadh,0,False,3,2246,
182,Business course 0182,Business & Management,Academy of Bern,0,False,6,1437,4.6
183,IT course 0183,IT & Computer Science,Academy of Bern,0,False,3,1651,4.7
184,Healthcare course 0184,Healthcare & Medicine,Institute of Technology Bristol,0,False,5,3564,
185,Healthcare course 0185,Healthcare & Medicine,Institute of Technology Bergen,0,False,5,7710,
186,Literature course 0186,Literature,School of Arts Riga,0,False,7,1787,4.9
187,IT course 0187,IT & Computer Science,Medical School of Valencia,0,False,1,174,
188,Language course 0188,Language,University of Mumbai,0,False,3,11043,5.0
189,Teaching course 0189,Teaching,University of Groningen,0,False,6,25403,
190,Business course 0190,Business & Management,School of Business Hull,0,False,5,3391,
191,Psychology course 0191,Psychology & Mental Health,School of Arts Cape Town,0,False,4,7032,
192,IT course 0192,IT & Computer Science,College of Nairobi,0,False,1,214,
193,Healthcare course 0193,Healthcare & Medicine,Medical School of Geneva,0,False,3,4637,
194,Business course 0194,Business & Management,Taipei Medical University,0,False,8,84,
195,Psychology course 0195,Psychology & Mental Health,Polytechnic of Portland,0,False,1,540,4.9
196,Nature course 0196,Nature & Environment,Academy of Lagos,0,False,3,3671,
197,Business course 0197,Business & Management,Medical School of Bangkok,0,False,9,295,
198,Literature course 0198,Literature,School of Business Tokyo,0,False,1,388,
199,Business course 0199,Business & Management,School of Arts Riga,39,True,6,21709,
200,Politics course 0200,Politics & Society,University of Cluj,0,False,3,2722,
201,IT course 0201,IT & Computer Science,School of Arts Riyadh,0,False,8,385,
202,IT course 0202,IT & Computer Science,School of Business Hull,0,False,6,635,
203,Healthcare course 0203,Healthcare & Medicine,University of Krakow,79,True,8,7653,
204,"Science, course 0204","Science, Engineering & Maths",School of Business Tokyo,0,False,2,1086,
205,Business course 0205,Business & Management,Polytechnic of Verona,0,False,4,1859,
206,Business course 0206,Business & Management,Taipei Medical University,0,False,6,661,
207,Business course 0207,Business & Management,Polytechnic of Skopje,0,False,3,1890,
208,IT course 0208,IT & Computer Science,Institute of Technology Oslo,0,False,3,1679,
209,Healthcare course 0209,Healthcare & Medicine,College of Bogota,19,True,1,5746,
210,Business course 0210,Business & Management,School of Arts Bilbao,0,False,10,142,
211,Business course 0211,Business & Management,Medical School of Vancouver,0,False,6,819,
212,Healthcare course 0212,Healthcare & Medicine,Institute of Technology Denver,0,False,5,5827,
213,Business course 0213,Business & Management,Institute of Technology Bergen,0,False,6,1986,
214,Nature course 0214,Nature & Environment,University of Mumbai,39,True,4,77780,
215,Business course 0215,Business & Management,University of Rennes,0,False,4,1294,
216,Creative course 0216,Creative Arts & Media,School of Arts Uppsala,0,False,4,2489,
217,Nature course 0217,Nature & Environment,University of Leeds,0,False,5,11387,
218,"Science, course 0218","Science, Engineering & Maths",Polytechnic of Montreal,0,False,2,1247,
219,Business course 0219,Business & Management,School of Arts Riga,0,False,8,208,
220,Business course 0220,Business & Management,Medical School of Dublin,0,False,7,793,
221,Politics course 0221,Politics & Society,Medical School of Cardiff,0,False,3,5445,
222,IT course 0222,IT & Computer Science,Taipei Medical University,59,True,5,33757,
223,IT course 0223,IT & Computer Science,Medical School of Norwich,0,False,2,916,
224,IT course 0224,IT & Computer Science,Academy of Maastricht,0,False,10,443,
225,Healthcare course 0225,Healthcare & Medicine,School of Business Accra,0,False,8,237,
226,Teaching course 0226,Teaching,Academy of Auckland,24,True,9,4994,
227,Business course 0227,Business & Management,Academy of Lagos,0,False,3,3297,
228,Healthcare course 0228,Healthcare & Medicine,College of Helsinki,59,True,2,26479,
229,Healthcare course 0229,Healthcare & Medicine,University of Reading,0,False,2,24262,
230,Study course 0230,Study Skills,Academy of Osaka,0,False,2,3327,
231,Healthcare course 0231,Healthcare & Medicine,Polytechnic of Portland,0,False,2,3944,
232,History course 0232,History,Medical School of Seville,0,False,2,4758,
233,Healthcare course 0233,Healthcare & Medicine,Polytechnic of Montreal,0,False,11,425,
234,Teaching course 0234,Teaching,Medical School of Dublin,0,False,2,2229,
235,Creative course 0235,Creative Arts & Media,Academy of Maastricht,79,True,2,33045,
236,Nature course 0236,Nature & Environment,Academy of Belgrade,0,False,7,1434,
237,Healthcare course 0237,Healthcare & Medicine,University of Granada,0,False,5,5380,
238,IT course 0238,IT & Computer Science,School of Business Sydney,0,False,6,1831,
239,Creative course 0239,Creative Arts & Media,University of York,0,False,5,1829,
240,Business course 0240,Business & Management,School of Arts Jakarta,0,False,8,137,
241,IT course 0241,IT & Computer Science,School of Business Munich,0,False,5,1917,
242,Politics course 0242,Politics & Society,School of Business Hull,0,False,4,2178,
243,Business course 0243,Business & Management,Academy of Leicester,0,False,6,2013,4.6
244,Healthcare course 0244,Healthcare & Medicine,Institute of Technology Bergen,0,False,4,5836,
245,Healthcare course 0245,Healthcare & Medicine,School of Business Munich,0,False,3,3465,
246,IT course 0246,IT & Computer Science,Academy of Lagos,0,False,4,3948,
247,Psychology course 0247,Psychology & Mental Health,University of Leeds,0,False,2,23431,
248,Healthcare course 0248,Healthcare & Medicine,College of Seoul,0,False,7,1509,
249,Nature course 0249,Nature & Environment,Institute of Technology Reykjavik,0,False,3,1793,4.6
250,IT course 0250,IT & Computer Science,School of Arts Riyadh,0,False,2,3346,4.8
251,Study course 0251,Study Skills,University of Leeds,79,True,3,238402,
252,Business course 0252,Business & Management,Polytechnic of Verona,0,False,7,874,
253,Psychology course 0253,Psychology & Mental Health,College of Genoa,0,False,3,4579,
254,Business course 0254,Business & Management,Institute of Technology Toulouse,0,False,5,1813,
255,Teaching course 0255,Teaching,University of York,0,False,7,521,
256,Psychology course 0256,Psychology & Mental Health,Medical School of Geneva,0,False,2,5791,
257,Nature course 0257,Nature & Environment,Academy of Seattle,0,False,6,1197,4.6
258,Healthcare course 0258,Healthcare & Medicine,Medical School of Lund,0,False,3,12534,
259,IT course 0259,IT & Computer Science,Institute of Technology Bristol,0,False,2,1154,
260,Business course 0260,Business & Management,Academy of Seattle,59,True,5,19530,
261,Language course 0261,Language,Institute of Technology Bergen,0,False,8,1546,
262,Politics course 0262,Politics & Society,School of Business Leuven,0,False,3,4804,
263,IT course 0263,IT & Computer Science,Medical School of Dublin,0,False,5,2469,
264,Psychology course 0264,Psychology & Mental Health,School of Arts Porto,0,False,3,6595,4.8
265,Psychology course 0265,Psychology & Mental Health,Academy of Osaka,0,False,5,2903,
266,"Science, course 0266","Science, Engineering & Maths",University of Rennes,0,False,5,1939,
267,Nature course 0267,Nature & Environment,University of Leeds,0,False,5,5656,
268,Language course 0268,Language,Academy of Leicester,0,False,5,7361,4.6
269,"Science, course 0269","Science, Engineering & Maths",School of Business Atlanta,0,False,2,1974,
270,Psychology course 0270,Psychology & Mental Health,Academy of Brno,0,False,6,1405,
271,Teaching course 0271,Teaching,University of Krakow,0,False,5,1720,4.9
272,IT course 0272,IT & Computer Science,College of Exeter,0,False,5,1941,
273,Teaching course 0273,Teaching,School of Arts Riga,0,False,2,1551,
274,Nature course 0274,Nature & Environment,Academy of Leicester,0,False,4,3127,
275,Business course 0275,Business & Management,Medical School of Vancouver,0,False,4,2708,4.4
276,Language course 0276,Language,Polytechnic of Toronto,0,False,2,16637,
277,Business course 0277,Business & Management,Academy of Auckland,0,False,3,3022,
278,Business course 0278,Business & Management,Medical School of Bangkok,0,False,4,3782,
279,History course 0279,History,College of Genoa,0,False,6,3324,
280,History course 0280,History,School of Arts Cape Town,0,False,3,5715,
281,Teaching course 0281,Teaching,Vrije Universiteit Amsterdam,0,False,7,9454,
282,Teaching course 0282,Teaching,Vrije Universiteit Amsterdam,0,False,4,23522,
283,"Science, course 0283","Science, Engineering & Maths",University of Manila,59,True,6,15375,
284,Literature course 0284,Literature,Polytechnic of Bologna,0,False,4,4713,4.6
285,Teaching course 0285,Teaching,School of Arts Jakarta,0,False,4,1949,
286,Healthcare course 0286,Healthcare & Medicine,University of Aarhus,0,False,5,5049,4.7
287,Study course 0287,Study Skills,University of Aarhus,0,False,9,362,
288,Business course 0288,Business & Management,Academy of Seattle,0,False,4,1838,
289,Business course 0289,Business & Management,College of Graz,0,False,4,1838,
290,"Science, course 0290","Science, Engineering & Maths",College of Zagreb,0,False,5,1567,4.9
291,Business course 0291,Business & Management,Polytechnic of Cairo,0,False,6,2174,
292,Politics course 0292,Politics & Society,School of Business Ljubljana,0,False,2,2305,
293,Politics course 0293,Politics & Society,Institute of Technology Bath,0,False,4,1977,
294,"Science, course 0294","Science, Engineering & Maths",Medical School of Valencia,49,True,4,54661,
295,IT course 0295,IT & Computer Science,Vrije Universiteit Amsterdam,0,False,9,1268,4.6
296,Language course 0296,Language,Institute of Technology Sofia,0,False,4,8287,
297,Business course 0297,Business & Management,Medical School of Cardiff,0,False,4,3605,
298,IT course 0298,IT & Computer Science,School of Arts Belfast,0,False,10,132,
299,Healthcare course 0299,Healthcare & Medicine,School of Business Leuven,0,False,4,3354,
300,Study course 0300,Study Skills,School of Arts Nantes,0,False,2,3531,
301,Nature course 0301,Nature & Environment,School of Business Sydney,0,False,2,3372,
302,Business course 0302,Business & Management,Academy of Brno,0,False,2,1932,4.5
303,Healthcare course 0303,Healthcare & Medicine,School of Business Linz,0,False,1,261,
304,Creative course 0304,Creative Arts & Media,University of Krakow,0,False,4,2746,
305,Language course 0305,Language,Academy of Maastricht,0,False,6,7348,4.7
306,Nature course 0306,Nature & Environment,University of Mumbai,0,False,6,3483,4.9
307,IT course 0307,IT & Computer Science,Medical School of Bangkok,24,True,1,3420,
308,IT course 0308,IT & Computer Science,Medical School of Geneva,39,True,5,20466,
309,Nature course 0309,Nature & Environment,Institute of Technology Bergen,0,False,2,2463,
310,Healthcare course 0310,Healthcare & Medicine,Polytechnic of Toronto,0,False,9,745,
311,IT course 0311,IT & Computer Science,School of Arts Riyadh,0,False,2,3347,
312,Business course 0312,Business & Management,School of Business Munich,0,False,5,5383,
313,Study course 0313,Study Skills,Taipei Medical University,0,False,3,1403,
314,Creative course 0314,Creative Arts & Media,University of Leeds,0,False,5,10358,
315,Healthcare course 0315,Healthcare & Medicine,School of Arts Jakarta,0,False,4,2959,
316,History course 0316,History,School of Business Hull,0,False,6,3639,
317,Healthcare course 0317,Healthcare & Medicine,School of Arts Boston,0,False,3,2216,
318,Business course 0318,Business & Management,School of Business Linz,0,False,8,160,
319,Business course 0319,Business & Management,Polytechnic of Verona,69,True,4,27789,
320,Study course 0320,Study Skills,Polytechnic of Portland,0,False,6,3814,
321,Politics course 0321,Politics & Society,University of Austin,0,False,7,1333,
322,Business course 0322,Business & Management,Vrije Universiteit Amsterdam,0,False,11,1467,
323,Healthcare course 0323,Healthcare & Medicine,Polytechnic of Toronto,0,False,3,2148,4.2
324,Business course 0324,Business & Management,Polytechnic of Taipei,0,False,3,1974,
325,Teaching course 0325,Teaching,Vrije Universiteit Amsterdam,0,False,3,15392,
326,Business course 0326,Business & Management,Institute of Technology Toulouse,0,False,3,3167,
327,Business course 0327,Business & Management,Institute of Technology Bristol,0,False,5,4146,
328,Business course 0328,Business & Management,College of Helsinki,0,False,11,244,4.4
329,Teaching course 0329,Teaching,School of Business Atlanta,0,False,11,133,
330,Healthcare course 0330,Healthcare & Medicine,University of Aarhus,120,True,4,13731,
331,Literature course 0331,Literature,Institute of Technology Reykjavik,0,False,5,2867,
332,Nature course 0332,Nature & Environment,Polytechnic of Bologna,19,True,7,22220,
333,Healthcare course 0333,Healthcare & Medicine,Institute of Technology Bristol,0,False,9,292,
334,Healthcare course 0334,Healthcare & Medicine,University of Aarhus,0,False,2,2340,
335,Healthcare course 0335,Healthcare & Medicine,Polytechnic of Basel,0,False,4,7620,
336,Healthcare course 0336,Healthcare & Medicine,School of Business Leuven,0,False,7,2271,
337,Language course 0337,Language,Medical School of Lund,0,False,3,13709,
338,Teaching course 0338,Teaching,Taipei Medical University,0,False,4,1252,
339,IT course 0339,IT & Computer Science,Polytechnic of Portland,0,False,11,141,
340,Law course 0340,Law,University of Austin,0,False,11,154,
341,Nature course 0341,Nature & Environment,Medical School of Dublin,59,True,8,5475,
342,IT course 0342,IT & Computer Science,Medical School of Cardiff,0,False,7,914,
343,Healthcare course 0343,Healthcare & Medicine,School of Business Accra,0,False,3,4929,
344,IT course 0344,IT & Computer Science,Polytechnic of Verona,0,False,3,3319,5.0
345,Study course 0345,Study Skills,School of Business Accra,0,False,4,2719,
346,Nature course 0346,Nature & Environment,University of Leeds,0,False,5,11752,
347,Study course 0347,Study Skills,School of Arts Porto,0,False,4,3859,
348,IT course 0348,IT & Computer Science,School of Arts Bilbao,0,False,5,879,
349,"Science, course 0349","Science, Engineering & Maths",Institute of Technology Toulouse,0,False,4,1005,
350,History course 0350,History,University of Leeds,0,False,6,6674,
351,Healthcare course 0351,Healthcare & Medicine,Academy of Maastricht,0,False,3,4559,
352,Business course 0352,Business & Management,University of Leeds,0,False,3,7056,
353,Healthcare course 0353,Healthcare & Medicine,University of Leeds,0,False,2,10255,
354,Business course 0354,Business & Management,University of Aarhus,0,False,2,4183,
355,Language course 0355,Language,Medical School of Norwich,0,False,7,3035,
356,"Science, course 0356","Science, Engineering & Maths",School of Arts Belfast,79,True,4,46577,
357,Business course 0357,Business & Management,Medical School of Vancouver,79,True,3,50519,
358,Creative course 0358,Creative Arts & Media,Taipei Medical University,0,False,6,525,
359,Psychology course 0359,Psychology & Mental Health,College of Glasgow,0,False,5,6139,
360,Language course 0360,Language,Institute of Technology Sofia,0,False,1,818,
361,IT course 0361,IT & Computer Science,Medical School of Valencia,59,True,3,45603,
362,Business course 0362,Business & Management,Polytechnic of Coventry,0,False,2,1459,
363,Teaching course 0363,Teaching,University of Leeds,59,True,5,247549,
364,Business course 0364,Business & Management,College of Bogota,0,False,3,2207,
365,Language course 0365,Language,School of Arts Porto,0,False,2,17555,
366,Teaching course 0366,Teaching,University of Singapore,0,False,1,282,
367,Teaching course 0367,Teaching,School of Business Linz,79,True,5,57679,
368,Law course 0368,Law,Institute of Technology Tallinn,0,False,1,178,
369,Language course 0369,Language,Academy of Quito,0,False,7,5289,
370,Business course 0370,Business & Management,School of Arts Riyadh,0,False,2,2177,
371,Business course 0371,Business & Management,Medical School of Cardiff,0,False,5,1891,
372,Business course 0372,Business & Management,College of Phoenix,0,False,4,2279,
373,Teaching course 0373,Teaching,Institute of Technology Lima,0,False,4,2118,
374,Healthcare course 0374,Healthcare & Medicine,Academy of Auckland,0,False,2,7928,4.8
375,IT course 0375,IT & Computer Science,School of Business Sydney,79,True,7,14899,
376,Business course 0376,Business & Management,School of Arts Riyadh,0,False,8,385,
377,Business course 0377,Business & Management,University of Mumbai,0,False,1,236,
378,IT course 0378,IT & Computer Science,Medical School of Geneva,0,False,2,1977,
379,Healthcare course 0379,Healthcare & Medicine,Taipei Medical University,0,False,8,105,
380,Law course 0380,Law,College of Ghent,0,False,4,1764,
381,Politics course 0381,Politics & Society,Institute of Technology Reykjavik,0,False,2,2430,
382,Creative course 0382,Creative Arts & Media,Institute of Technology Oslo,39,True,2,69313,
383,History course 0383,History,Taipei Medical University,0,False,5,3333,
384,Teaching course 0384,Teaching,Taipei Medical University,89,True,6,25228,4.5
385,History course 0385,History,School of Business Sydney,0,False,5,7569,
386,Healthcare course 0386,Healthcare & Medicine,University of Leeds,0,False,10,1674,
387,Nature course 0387,Nature & Environment,College of Seoul,0,False,4,2607,
388,Study course 0388,Study Skills,College of Ghent,0,False,3,10541,
389,Law course 0389,Law,Polytechnic of Coventry,0,False,4,1737,
390,Creative course 0390,Creative Arts & Media,Institute of Technology Bath,0,False,3,1517,
391,Business course 0391,Business & Management,Medical School of Dublin,0,False,3,1378,
392,"Science, course 0392","Science, Engineering & Maths",Institute of Technology Coimbra,0,False,1,638,
393,Healthcare course 0393,Healthcare & Medicine,Polytechnic of Bologna,0,False,3,5116,
394,"Science, course 0394","Science, Engineering & Maths",University of Leeds,0,False,6,3809,
395,Creative course 0395,Creative Arts & Media,School of Arts Belfast,0,False,1,388,
396,"Science, course 0396","Science, Engineering & Maths",Academy of Seattle,0,False,4,3100,
397,Nature course 0397,Nature & Environment,Medical School of Geneva,19,True,5,86068,
398,Law course 0398,Law,Academy of Osaka,0,False,5,1227,4.6
399,Business course 0399,Business & Management,College of Exeter,0,False,6,1322,
400,Business course 0400,Business & Management,Taipei Medical University,0,False,7,359,4.6
401,IT course 0401,IT & Computer Science,Academy of Maastricht,0,False,6,620,
402,Business course 0402,Business & Management,School of Business Accra,0,False,2,2929,
403,History course 0403,History,College of Seoul,0,False,4,4868,
404,History course 0404,History,Institute of Technology Oslo,0,False,5,7874,
405,Business course 0405,Business & Management,Taipei Medical University,0,False,3,2993,
406,Literature course 0406,Literature,Taipei Medical University,0,False,1,260,
407,Business course 0407,Business & Management,College of Genoa,79,True,3,37793,
408,Creative course 0408,Creative Arts & Media,University of Reading,0,False,4,14599,
409,Language course 0409,Language,Medical School of Seville,0,False,4,21589,
410,History course 0410,History,Taipei Medical University,29,True,2,27376,
411,Language course 0411,Language,School of Business Hull,0,False,7,3918,
412,Language course 0412,Language,University of Leeds,39,True,9,120650,
413,"Science, course 0413","Science, Engineering & Maths",University of Rennes,0,False,2,2192,
414,Business course 0414,Business & Management,Academy of Bern,0,False,9,92,
415,Healthcare course 0415,Healthcare & Medicine,College of Graz,0,False,1,258,4.8
416,Study course 0416,Study Skills,College of Genoa,0,False,9,686,
417,History course 0417,History,College of Zagreb,0,False,10,467,
418,Teaching course 0418,Teaching,Polytechnic of Pecs,0,False,1,213,
419,"Science, course 0419","Science, Engineering & Maths",University of Reading,0,False,6,8503,
420,Business course 0420,Business & Management,University of Manila,0,False,10,177,
421,Law course 0421,Law,College of Phoenix,0,False,8,245,
422,Psychology course 0422,Psychology & Mental Health,Medical School of Dublin,0,False,10,239,
423,"Science, course 0423","Science, Engineering & Maths",Taipei Medical University,0,False,5,946,
424,Teaching course 0424,Teaching,School of Arts Cape Town,0,False,2,2412,
425,Language course 0425,Language,College of Zagreb,0,False,7,4845,
426,Politics course 0426,Politics & Society,University of Leeds,0,False,5,11427,
427,Business course 0427,Business & Management,School of Arts Riyadh,0,False,5,1582,
428,Business course 0428,Business & Management,Polytechnic of Cairo,0,False,4,2764,
429,Business course 0429,Business & Management,Medical School of Doha,0,False,5,4005,
430,Business course 0430,Business & Management,University of Leeds,19,True,2,95484,
431,Business course 0431,Business & Management,School of Business Atlanta,0,False,6,1554,
432,"Science, course 0432","Science, Engineering & Maths",University of Groningen,0,False,2,17885,
433,Business course 0433,Business & Management,College of Bogota,0,False,6,1052,
434,Business course 0434,Business & Management,School of Business Ljubljana,0,False,7,807,
435,Language course 0435,Language,Institute of Technology Oslo,59,True,4,250000,
436,Business course 0436,Business & Management,Academy of Belgrade,0,False,4,2285,
437,Literature course 0437,Literature,Institute of Technology Bristol,0,False,3,3519,
438,Nature course 0438,Nature & Environment,School of Arts Stirling,0,False,10,161,
439,Business course 0439,Business & Management,University of Leeds,39,True,6,99858,
440,IT course 0440,IT & Computer Science,College of Zagreb,0,False,3,1790,
441,"Science, course 0441","Science, Engineering & Maths",School of Business Gdansk,0,False,2,2287,
442,Nature course 0442,Nature & Environment,Institute of Technology Oslo,0,False,2,2632,
443,IT course 0443,IT & Computer Science,Polytechnic of Twente,39,True,4,66117,
444,IT course 0444,IT & Computer Science,Medical School of Lund,0,False,9,341,
445,History course 0445,History,Academy of Seattle,0,False,6,4954,5.0
446,Business course 0446,Business & Management,Medical School of Seville,0,False,2,1319,
447,"Science, course 0447","Science, Engineering & Maths",Medical School of Norwich,0,False,7,569,
448,IT course 0448,IT & Computer Science,Polytechnic of Pecs,59,True,3,25171,
449,"Science, course 0449","Science, Engineering & Maths",Medical School of Geneva,0,False,7,681,
450,Business course 0450,Business & Management,Academy of Brno,0,False,3,1418,
451,Healthcare course 0451,Healthcare & Medicine,Institute of Technology Reykjavik,0,False,5,3575,
452,Teaching course 0452,Teaching,School of Business Ljubljana,0,False,9,194,4.7
453,Healthcare course 0453,Healthcare & Medicine,University of Singapore,0,False,3,2818,
454,History course 0454,History,Polytechnic of Skopje,0,False,6,2932,
455,Study course 0455,Study Skills,School of Business Atlanta,0,False,11,464,
456,Language course 0456,Language,Institute of Technology Tallinn,0,False,2,12602,4.7
457,Business course 0457,Business & Management,Polytechnic of Basel,0,False,2,5152,
458,"Science, course 0458","Science, Engineering & Maths",School of Arts Jakarta,0,False,5,2722,
459,Healthcare course 0459,Healthcare & Medicine,Taipei Medical University,59,True,3,21332,
460,History course 0460,History,Medical School of Norwich,0,False,2,4346,
461,Business course 0461,Business & Management,University of Leeds,0,False,4,8004,
462,Creative course 0462,Creative Arts & Media,University of Turku,0,False,6,1612,
463,Language course 0463,Language,School of Arts Nantes,0,False,3,31155,
464,Psychology course 0464,Psychology & Mental Health,Institute of Technology Reykjavik,0,False,3,3740,
465,History course 0465,History,Medical School of Geneva,0,False,7,2651,4.8
466,Nature course 0466,Nature & Environment,University of Leeds,0,False,4,8743,
467,Healthcare course 0467,Healthcare & Medicine,Medical School of Dublin,0,False,7,730,4.5
468,Business course 0468,Business & Management,University of Groningen,0,False,4,32176,
469,Study course 0469,Study Skills,University of Leeds,0,False,10,1594,
470,Law course 0470,Law,Institute of Technology Toulouse,0,False,5,1617,
471,Language course 0471,Language,School of Arts Riyadh,0,False,2,11595,
472,Teaching course 0472,Teaching,University of Turku,0,False,8,117,
473,Nature course 0473,Nature & Environment,School of Arts Riga,0,False,4,1613,
474,History course 0474,History,School of Arts Cape Town,0,False,2,6599,
475,Literature course 0475,Literature,University of Leeds,0,False,2,10772,
476,IT course 0476,IT & Computer Science,University of Leeds,0,False,5,4654,4.5
477,IT course 0477,IT & Computer Science,Academy of Belgrade,0,False,1,260,
478,Business course 0478,Business & Management,University of Leeds,0,False,3,5470,
479,Nature course 0479,Nature & Environment,Taipei Medical University,0,False,2,921,
480,Business course 0480,Business & Management,Medical School of Geneva,0,False,4,3221,
481,Nature course 0481,Nature & Environment,University of Mumbai,0,False,4,1677,
482,Language course 0482,Language,Academy of Seattle,0,False,4,10126,
483,Nature course 0483,Nature & Environment,School of Business Munich,79,True,3,52986,
484,Literature course 0484,Literature,Polytechnic of Toronto,79,True,1,16923,
485,Business course 0485,Business & Management,Medical School of Valencia,69,True,5,64545,
486,Language course 0486,Language,Vrije Universiteit Amsterdam,0,False,3,85544,
487,IT course 0487,IT & Computer Science,Academy of Brno,0,False,5,3500,
488,Business course 0488,Business & Management,University of Leeds,0,False,2,4223,
489,Creative course 0489,Creative Arts & Media,University of Leeds,0,False,1,1475,
490,Nature course 0490,Nature & Environment,Medical School of Dublin,0,False,3,1583,
491,Business course 0491,Business & Management,Institute of Technology Toulouse,0,False,4,4076,4.3
492,Healthcare course 0492,Healthcare & Medicine,University of Leeds,0,False,3,8547,
493,Psychology course 0493,Psychology & Mental Health,University of Leeds,0,False,7,13141,
494,Creative course 0494,Creative Arts & Media,Institute of Technology Bath,0,False,3,2612,
495,Business course 0495,Business & Management,University of York,0,False,4,1596,
496,Literature course 0496,Literature,College of Seoul,0,False,5,4717,4.4
497,Language course 0497,Language,Academy of Lyon,0,False,1,2121,
498,Business course 0498,Business & Management,Medical School of Geneva,0,False,4,3651,4.5
499,IT course 0499,IT & Computer Science,Academy of Seattle,0,False,3,2021,
500,History course 0500,History,School of Business Accra,0,False,4,5521,4.5
501,Business course 0501,Business & Management,Medical School of Doha,0,False,2,2596,
502,History course 0502,History,Academy of Belgrade,0,False,6,3507,
503,IT course 0503,IT & Computer Science,School of Arts Nantes,0,False,9,115,
504,IT course 0504,IT & Computer Science,Polytechnic of Pecs,0,False,1,172,
505,Psychology course 0505,Psychology & Mental Health,Institute of Technology Bergen,0,False,5,6668,
506,IT course 0506,IT & Computer Science,Polytechnic of Pecs,0,False,6,2222,4.7
507,Politics course 0507,Politics & Society,Medical School of Manchester,0,False,3,4974,
508,Politics course 0508,Politics & Society,Academy of Auckland,39,True,6,48654,
509,Psychology course 0509,Psychology & Mental Health,College of Genoa,0,False,5,6809,4.5
510,Business course 0510,Business & Management,Academy of Auckland,0,False,9,280,
511,Healthcare course 0511,Healthcare & Medicine,Polytechnic of Verona,0,False,11,202,
512,Healthcare course 0512,Healthcare & Medicine,University of Aarhus,0,False,1,396,4.1
513,Business course 0513,Business & Management,School of Arts Porto,0,False,4,1723,
514,Creative course 0514,Creative Arts & Media,University of Leeds,0,False,4,4041,
515,"Science, course 0515","Science, Engineering & Maths",University of Austin,0,False,2,2152,
516,Language course 0516,Language,University of Singapore,0,False,3,14622,
517,Business course 0517,Business & Management,Polytechnic of Montreal,0,False,11,210,4.4
518,"Science, course 0518","Science, Engineering & Maths",Academy of Quito,0,False,1,312,
519,Nature course 0519,Nature & Environment,School of Business Pisa,0,False,4,2941,
520,IT course 0520,IT & Computer Science,University of Leeds,0,False,7,2908,
521,Business course 0521,Business & Management,College of Glasgow,39,True,3,45729,
522,IT course 0522,IT & Computer Science,Institute of Technology Bath,0,False,4,2627,
523,Healthcare course 0523,Healthcare & Medicine,School of Business Linz,0,False,10,217,4.6
524,Business course 0524,Business & Management,School of Business Santiago,0,False,4,2778,
525,Teaching course 0525,Teaching,University of Krakow,0,False,2,2826,
526,History course 0526,History,College of Nairobi,0,False,1,443,
527,Language course 0527,Language,Taipei Medical University,89,True,9,11259,4.7
528,Language course 0528,Language,School of Arts Riyadh,0,False,3,10579,
529,History course 0529,History,School of Arts Uppsala,0,False,4,4394,
530,History course 0530,History,School of Business Santiago,0,False,2,2767,
531,Business course 0531,Business & Management,Medical School of Norwich,0,False,4,3975,4.9
532,Politics course 0532,Politics & Society,School of Business Hull,0,False,9,371,
533,Teaching course 0533,Teaching,Institute of Technology Denver,0,False,4,3352,
534,Creative course 0534,Creative Arts & Media,Academy of Leicester,0,False,10,356,
535,Business course 0535,Business & Management,University of Leeds,0,False,3,6250,
536,"Science, course 0536","Science, Engineering & Maths",University of Reading,0,False,4,49905,
537,Study course 0537,Study Skills,Academy of Lagos,0,False,7,1374,
538,Healthcare course 0538,Healthcare & Medicine,College of Zagreb,0,False,4,4374,
539,IT course 0539,IT & Computer Science,School of Business Munich,0,False,3,1773,
540,History course 0540,History,College of Phoenix,29,True,7,33169,
541,Study course 0541,Study Skills,Medical School of Vancouver,0,False,3,5660,4.6
542,"Science, course 0542","Science, Engineering & Maths",Institute of Technology Bergen,0,False,4,2250,
543,Psychology course 0543,Psychology & Mental Health,Polytechnic of Cairo,0,False,10,839,
544,Psychology course 0544,Psychology & Mental Health,School of Arts Boston,0,False,2,4947,4.9
545,Teaching course 0545,Teaching,School of Business Hull,0,False,3,2811,
546,Literature course 0546,Literature,School of Business Tokyo,0,False,1,399,
547,Healthcare course 0547,Healthcare & Medicine,College of Genoa,0,False,3,4358,
548,Healthcare course 0548,Healthcare & Medicine,School of Arts Riyadh,0,False,2,2995,
549,Politics course 0549,Politics & Society,University of Manchester,0,False,5,2364,
550,Psychology course 0550,Psychology & Mental Health,College of Zagreb,59,True,2,41130,
551,Teaching course 0551,Teaching,Polytechnic of Toronto,0,False,5,8501,
552,Healthcare course 0552,Healthcare & Medicine,School of Arts Cape Town,0,False,3,3318,
553,"Science, course 0553","Science, Engineering & Maths",Medical School of Norwich,0,False,3,1227,
554,Business course 0554,Business & Management,University of Leeds,99,True,3,65266,
555,"Science, course 0555","Science, Engineering & Maths",School of Arts Porto,0,False,6,1415,
556,Language course 0556,Language,School of Arts Belfast,0,False,4,18101,
557,Law course 0557,Law,University of Leeds,0,False,3,7410,4.6
558,Healthcare course 0558,Healthcare & Medicine,Academy of Lagos,99,True,7,22974,
559,IT course 0559,IT & Computer Science,Institute of Technology Bristol,0,False,5,1859,
560,Business course 0560,Business & Management,University of Manchester,0,False,2,2197,
561,Psychology course 0561,Psychology & Mental Health,Institute of Technology Delhi,0,False,8,343,
562,Language course 0562,Language,University of Manchester,59,True,3,132232,
563,Teaching course 0563,Teaching,Institute of Technology Bergen,0,False,1,200,
564,Study course 0564,Study Skills,College of Exeter,0,False,4,2699,
565,Language course 0565,Language,School of Arts Bilbao,69,True,2,250000,4.8
566,Healthcare course 0566,Healthcare & Medicine,Academy of Maastricht,0,False,3,4856,4.5
567,"Science, course 0567","Science, Engineering & Maths",School of Business Tokyo,0,False,6,2134,
568,IT course 0568,IT & Computer Science,University of Leeds,59,True,2,68105,
569,Business course 0569,Business & Management,University of Austin,0,False,7,1133,
570,Business course 0570,Business & Management,University of Leeds,0,False,9,309,
571,History course 0571,History,Medical School of Norwich,0,False,5,8273,
572,Politics course 0572,Politics & Society,School of Business Hull,0,False,6,1838,
573,Literature course 0573,Literature,Institute of Technology Bristol,0,False,6,4243,
574,Business course 0574,Business & Management,Taipei Medical University,0,False,11,97,
575,History course 0575,History,Academy of Auckland,79,True,3,68217,
576,"Science, course 0576","Science, Engineering & Maths",School of Business Accra,0,False,2,1035,
577,History course 0577,History,Institute of Technology Delhi,0,False,4,4079,
578,Law course 0578,Law,School of Arts Porto,0,False,4,2644,
579,Healthcare course 0579,Healthcare & Medicine,Academy of Maastricht,0,False,2,4164,
580,IT course 0580,IT & Computer Science,Institute of Technology Denver,0,False,5,1392,
581,Business course 0581,Business & Management,College of Wroclaw,0,False,1,173,
582,Healthcare course 0582,Healthcare & Medicine,School of Business Gdansk,0,False,9,256,
583,Law course 0583,Law,Medical School of Valencia,0,False,3,1707,
584,Literature course 0584,Literature,College of Phoenix,24,True,1,4795,
585,Business course 0585,Business & Management,Academy of Lagos,0,False,2,1085,4.6
586,Politics course 0586,Politics & Society,School of Business Ljubljana,0,False,3,1876,
587,Business course 0587,Business & Management,College of Seoul,0,False,3,2315,
588,Study course 0588,Study Skills,Polytechnic of Montreal,0,False,1,289,
589,History course 0589,History,Polytechnic of Twente,0,False,3,4833,
590,Creative course 0590,Creative Arts & Media,Medical School of Vilnius,0,False,2,2699,4.5
591,Psychology course 0591,Psychology & Mental Health,School of Business Tokyo,39,True,3,64818,
592,History course 0592,History,School of Business Ljubljana,0,False,3,4661,
593,IT course 0593,IT & Computer Science,University of Leeds,0,False,3,9443,4.7
594,Healthcare course 0594,Healthcare & Medicine,School of Arts Belfast,0,False,3,3119,
595,Study course 0595,Study Skills,University of Leeds,0,False,2,8323,
596,Study course 0596,Study Skills,University of Leeds,0,False,1,2223,
597,Business course 0597,Business & Management,College of Helsinki,0,False,2,1696,
598,Business course 0598,Business & Management,School of Arts Cape Town,0,False,6,2286,
599,Politics course 0599,Politics & Society,Medical School of Vilnius,0,False,11,221,
600,Healthcare course 0600,Healthcare & Medicine,School of Arts Stirling,0,False,9,298,4.6
601,Healthcare course 0601,Healthcare & Medicine,Taipei Medical University,0,False,4,2492,4.5
602,Business course 0602,Business & Management,University of Groningen,59,True,4,250000,4.8
603,Business course 0603,Business & Management,University of Mumbai,0,False,3,3364,
604,"Science, course 0604","Science, Engineering & Maths",Taipei Medical University,0,False,6,604,
605,Healthcare course 0605,Healthcare & Medicine,University of Cluj,0,False,6,2463,
606,Creative course 0606,Creative Arts & Media,University of York,0,False,7,747,
607,"Science, course 0607","Science, Engineering & Maths",Taipei Medical University,0,False,8,141,
608,Nature course 0608,Nature & Environment,Institute of Technology Sofia,0,False,4,1771,
609,Psychology course 0609,Psychology & Mental Health,Polytechnic of Basel,0,False,6,5177,
610,Psychology course 0610,Psychology & Mental Health,School of Arts Stirling,0,False,7,2348,
611,Psychology course 0611,Psychology & Mental Health,School of Arts Boston,0,False,3,3097,
612,Nature course 0612,Nature & Environment,School of Business Linz,0,False,9,375,
613,"Science, course 0613","Science, Engineering & Maths",School of Arts Uppsala,0,False,2,4604,
614,IT course 0614,IT & Computer Science,University of Leeds,0,False,11,668,4.8
615,IT course 0615,IT & Computer Science,Polytechnic of Coventry,0,False,6,2418,4.6
616,Healthcare course 0616,Healthcare & Medicine,Medical School of Geneva,39,True,2,68008,
617,Healthcare course 0617,Healthcare & Medicine,Taipei Medical University,0,False,5,1143,
618,Language course 0618,Language,Medical School of Vancouver,0,False,1,742,
619,Creative course 0619,Creative Arts & Media,Polytechnic of Verona,69,True,6,22803,
620,Psychology course 0620,Psychology & Mental Health,Taipei Medical University,39,True,7,16652,
621,Teaching course 0621,Teaching,School of Business Pisa,0,False,5,2025,
622,Politics course 0622,Politics & Society,College of Wroclaw,0,False,7,944,
623,"Science, course 0623","Science, Engineering & Maths",College of Phoenix,0,False,2,2410,
624,Business course 0624,Business & Management,School of Arts Nantes,0,False,3,1251,4.6
625,IT course 0625,IT & Computer Science,Academy of Quito,0,False,4,1861,
626,Healthcare course 0626,Healthcare & Medicine,School of Business Sydney,0,False,1,771,
627,Business course 0627,Business & Management,Polytechnic of Bologna,0,False,4,1558,
628,Creative course 0628,Creative Arts & Media,Polytechnic of Portland,0,False,3,2919,
629,Politics course 0629,Politics & Society,Institute of Technology Bath,0,False,3,2147,
630,Creative course 0630,Creative Arts & Media,University of Cluj,0,False,4,2748,
631,IT course 0631,IT & Computer Science,School of Business Linz,79,True,8,5989,
632,Language course 0632,Language,Medical School of Dublin,79,True,3,250000,
633,Business course 0633,Business & Management,College of Ghent,0,False,8,299,4.6
634,Language course 0634,Language,College of Ghent,0,False,4,9176,
635,IT course 0635,IT & Computer Science,University of Leeds,0,False,3,9785,
636,Healthcare course 0636,Healthcare & Medicine,School of Arts Riyadh,0,False,4,2808,4.5
637,Business course 0637,Business & Management,University of Leeds,0,False,4,8013,
638,Business course 0638,Business & Management,School of Arts Nantes,0,False,3,2480,
639,IT course 0639,IT & Computer Science,School of Arts Cape Town,0,False,4,2705,
640,Language course 0640,Language,School of Business Accra,0,False,2,13315,4.8
641,IT course 0641,IT & Computer Science,Institute of Technology Bath,0,False,3,1483,
642,Nature course 0642,Nature & Environment,University of Cluj,0,False,5,1680,4.5
643,History course 0643,History,Institute of Technology Oslo,59,True,4,95952,
644,Teaching course 0644,Teaching,Institute of Technology Coimbra,0,False,7,1009,
645,"Science, course 0645","Science, Engineering & Maths",Institute of Technology Lima,0,False,3,3480,4.4
646,Business course 0646,Business & Management,Taipei Medical University,0,False,10,90,4.3
647,Business course 0647,Business & Management,Medical School of Cardiff,0,False,6,838,4.6
648,Business course 0648,Business & Management,Academy of Quito,0,False,10,259,
649,Study course 0649,Study Skills,Polytechnic of Portland,0,False,7,1298,
650,Healthcare course 0650,Healthcare & Medicine,Medical School of Valencia,0,False,2,3623,4.8
651,Literature course 0651,Literature,Institute of Technology Bath,0,False,4,4155,4.6
652,"Science, course 0652","Science, Engineering & Maths",Medical School of Dublin,0,False,2,3636,
653,Healthcare course 0653,Healthcare & Medicine,College of Nairobi,0,False,7,964,
654,Business course 0654,Business & Management,University of Leeds,0,False,5,6816,
655,Business course 0655,Business & Management,Academy of Bern,0,False,3,2335,
656,"Science, course 0656","Science, Engineering & Maths",School of Arts Porto,0,False,9,132,
657,Creative course 0657,Creative Arts & Media,Institute of Technology Toulouse,0,False,2,2017,
658,Law course 0658,Law,University of Aarhus,0,False,5,4341,
659,Teaching course 0659,Teaching,University of Rennes,0,False,6,1363,
660,Politics course 0660,Politics & Society,University of Leeds,0,False,1,1052,
661,Literature course 0661,Literature,School of Business Hull,0,False,5,1936,5.0
662,Healthcare course 0662,Healthcare & Medicine,University of Rennes,0,False,7,1348,
663,Teaching course 0663,Teaching,Medical School of Valencia,0,False,2,1908,4.8
664,IT course 0664,IT & Computer Science,School of Arts Riyadh,0,False,4,1606,
665,Study course 0665,Study Skills,Polytechnic of Bologna,0,False,3,6245,
666,Psychology course 0666,Psychology & Mental Health,School of Business Accra,0,False,5,5327,
667,"Science, course 0667","Science, Engineering & Maths",Medical School of Doha,0,False,2,1755,
668,Psychology course 0668,Psychology & Mental Health,University of Leeds,0,False,9,1263,
669,Nature course 0669,Nature & Environment,School of Business Tokyo,0,False,8,107,
670,History course 0670,History,Institute of Technology Tallinn,0,False,2,2759,
671,Business course 0671,Business & Management,Vrije Universiteit Amsterdam,0,False,3,27006,
672,Healthcare course 0672,Healthcare & Medicine,University of Turku,0,False,5,1834,
673,Healthcare course 0673,Healthcare & Medicine,Institute of Technology Coimbra,0,False,6,1783,
674,"Science, course 0674","Science, Engineering & Maths",Polytechnic of Toronto,0,False,4,2007,
675,Healthcare course 0675,Healthcare & Medicine,University of Leeds,0,False,2,19133,4.9
676,Creative course 0676,Creative Arts & Media,Taipei Medical University,0,False,2,1251,
677,Healthcare course 0677,Healthcare & Medicine,Institute of Technology Delhi,0,False,11,211,
678,Creative course 0678,Creative Arts & Media,Polytechnic of Cairo,0,False,4,3722,
679,Healthcare course 0679,Healthcare & Medicine,University of Rennes,0,False,8,255,
680,Language course 0680,Language,School of Business Munich,79,True,4,250000,
681,Psychology course 0681,Psychology & Mental Health,School of Arts Cape Town,0,False,9,283,4.9
682,Study course 0682,Study Skills,Medical School of Seville,39,True,2,110971,
683,Healthcare course 0683,Healthcare & Medicine,Academy of Padua,0,False,2,2686,
684,Business course 0684,Business & Management,University of Leeds,0,False,9,415,
685,Business course 0685,Business & Management,Academy of Lagos,0,False,9,190,
686,Business course 0686,Business & Management,Academy of Bern,59,True,3,31184,
687,Language course 0687,Language,Institute of Technology Coimbra,0,False,3,11138,
688,Business course 0688,Business & Management,University of Krakow,0,False,4,2990,
689,"Science, course 0689","Science, Engineering & Maths",University of Manchester,0,False,4,1865,4.9
690,Business course 0690,Business & Management,Medical School of Doha,0,False,2,2457,
691,Language course 0691,Language,School of Business Munich,0,False,8,1505,
692,Politics course 0692,Politics & Society,Polytechnic of Pecs,39,True,3,52900,
693,Business course 0693,Business & Management,Medical School of Bangkok,0,False,6,1232,
694,"Science, course 0694","Science, Engineering & Maths",School of Arts Bilbao,0,False,2,2001,
695,Study course 0695,Study Skills,School of Business Accra,0,False,1,577,
696,Business course 0696,Business & Management,Medical School of Seville,0,False,5,5903,
697,"Science, course 0697","Science, Engineering & Maths",Polytechnic of Pecs,0,False,3,3200,
698,Study course 0698,Study Skills,Medical School of Dublin,0,False,5,6928,
699,"Science, course 0699","Science, Engineering & Maths",University of Leeds,0,False,2,19532,
700,Law course 0700,Law,Institute of Technology Delhi,0,False,9,225,
701,"Science, course 0701","Science, Engineering & Maths",Medical School of Vancouver,0,False,6,1753,
702,History course 0702,History,University of Leeds,0,False,8,1878,
703,Psychology course 0703,Psychology & Mental Health,Academy of Bern,0,False,2,3003,
704,Literature course 0704,Literature,University of Leeds,0,False,3,12681,
705,"Science, course 0705","Science, Engineering & Maths",University of Leeds,0,False,3,5411,
706,Psychology course 0706,Psychology & Mental Health,Institute of Technology Bath,0,False,4,7282,
707,IT course 0707,IT & Computer Science,School of Business Tokyo,0,False,3,1939,
708,History course 0708,History,Institute of Technology Bath,0,False,2,4586,
709,"Science, course 0709","Science, Engineering & Maths",School of Business Munich,0,False,3,3395,
710,Healthcare course 0710,Healthcare & Medicine,Academy of Seattle,0,False,3,5207,
711,Business course 0711,Business & Management,University of Singapore,0,False,3,2096,
712,Politics course 0712,Politics & Society,School of Business Atlanta,0,False,2,1709,4.4
713,IT course 0713,IT & Computer Science,School of Business Sydney,0,False,3,3274,
714,Healthcare course 0714,Healthcare & Medicine,Taipei Medical University,0,False,5,3027,
715,Business course 0715,Business & Management,College of Seoul,0,False,3,1176,
716,Teaching course 0716,Teaching,University of Cluj,0,False,3,2226,
717,Creative course 0717,Creative Arts & Media,College of Wroclaw,79,True,4,47199,
718,IT course 0718,IT & Computer Science,Polytechnic of Pecs,0,False,6,1866,
719,IT course 0719,IT & Computer Science,Polytechnic of Verona,0,False,3,2992,
720,Business course 0720,Business & Management,Medical School of Valencia,0,False,5,2899,
721,IT course 0721,IT & Computer Science,University of Leeds,0,False,10,622,4.2
722,Creative course 0722,Creative Arts & Media,Academy of Bern,0,False,4,2266,
723,Business course 0723,Business & Management,Institute of Technology Toulouse,0,False,8,159,
724,IT course 0724,IT & Computer Science,Medical School of Seville,0,False,7,696,
725,Psychology course 0725,Psychology & Mental Health,Academy of Leicester,0,False,1,604,
726,"Science, course 0726","Science, Engineering & Maths",Taipei Medical University,79,True,4,24183,
727,Business course 0727,Business & Management,University of Leeds,0,False,6,2084,4.5
728,Literature course 0728,Literature,University of Reading,0,False,11,1929,4.8
729,Business course 0729,Business & Management,College of Glasgow,89,True,4,41169,
730,Healthcare course 0730,Healthcare & Medicine,Academy of Osaka,0,False,2,2823,
731,Business course 0731,Business & Management,School of Arts Bilbao,79,True,5,46890,
732,IT course 0732,IT & Computer Science,Academy of Lyon,0,False,2,2166,
733,Study course 0733,Study Skills,University of Reading,0,False,6,10900,
734,Teaching course 0734,Teaching,University of Leeds,0,False,4,4249,
735,Healthcare course 0735,Healthcare & Medicine,Institute of Technology Lima,0,False,6,2108,
736,Language course 0736,Language,Academy of Osaka,0,False,8,1711,
737,History course 0737,History,University of Leeds,0,False,5,34682,
738,Healthcare course 0738,Healthcare & Medicine,School of Arts Belfast,0,False,5,5833,
739,History course 0739,History,Polytechnic of Portland,0,False,6,1849,4.7
740,Literature course 0740,Literature,Academy of Maastricht,0,False,7,1700,
741,Literature course 0741,Literature,Polytechnic of Basel,99,True,8,6617,
742,Business course 0742,Business & Management,School of Business Santiago,0,False,1,274,
743,Law course 0743,Law,School of Arts Stirling,0,False,5,2827,
744,Business course 0744,Business & Management,Medical School of Vilnius,39,True,2,27628,
745,IT course 0745,IT & Computer Science,Vrije Universiteit Amsterdam,0,False,8,1629,
746,"Science, course 0746","Science, Engineering & Maths",Medical School of Vancouver,0,False,5,3008,
747,Business course 0747,Business & Management,Academy of Leicester,0,False,4,3334,
748,Healthcare course 0748,Healthcare & Medicine,School of Arts Riyadh,0,False,2,2289,
749,Nature course 0749,Nature & Environment,University of Singapore,0,False,3,2170,
750,Business course 0750,Business & Management,Medical School of Cardiff,0,False,6,498,4.7
751,Politics course 0751,Politics & Society,Polytechnic of Verona,89,True,2,29267,
752,Healthcare course 0752,Healthcare & Medicine,University of Rennes,0,False,2,2562,
753,IT course 0753,IT & Computer Science,Taipei Medical University,0,False,8,67,
754,Healthcare course 0754,Healthcare & Medicine,College of Nairobi,0,False,6,2588,4.9
755,Nature course 0755,Nature & Environment,University of Aarhus,0,False,2,2088,
756,Healthcare course 0756,Healthcare & Medicine,Medical School of Vancouver,0,False,3,1493,
757,Healthcare course 0757,Healthcare & Medicine,Academy of Maastricht,0,False,10,316,
758,Literature course 0758,Literature,College of Phoenix,0,False,6,2277,
759,Psychology course 0759,Psychology & Mental Health,School of Business Munich,0,False,5,7371,4.8
760,"Science, course 0760","Science, Engineering & Maths",School of Business Tokyo,59,True,3,16424,
761,Business course 0761,Business & Management,Academy of Auckland,59,True,3,28247,
762,Healthcare course 0762,Healthcare & Medicine,School of Business Tokyo,0,False,1,376,
763,History course 0763,History,Institute of Technology Bristol,0,False,6,3755,
764,IT course 0764,IT & Computer Science,Academy of Auckland,0,False,1,250,
765,Business course 0765,Business & Management,School of Business Linz,0,False,1,231,
766,Teaching course 0766,Teaching,University of Mumbai,0,False,6,897,
767,IT course 0767,IT & Computer Science,University of Manchester,0,False,9,107,
768,Study course 0768,Study Skills,School of Business Linz,0,False,6,2108,4.9
769,Healthcare course 0769,Healthcare & Medicine,School of Business Leuven,0,False,4,3937,
770,Business course 0770,Business & Management,College of Zagreb,0,False,4,1879,
771,"Science, course 0771","Science, Engineering & Maths",University of Singapore,59,True,4,37734,
772,Business course 0772,Business & Management,School of Arts Jakarta,0,False,3,2000,
773,IT course 0773,IT & Computer Science,School of Business Accra,0,False,4,1514,
774,Healthcare course 0774,Healthcare & Medicine,Institute of Technology Toulouse,0,False,4,3534,
775,Business course 0775,Business & Management,Medical School of Doha,0,False,5,2832,
776,Psychology course 0776,Psychology & Mental Health,Medical School of Vancouver,0,False,8,555,
777,Language course 0777,Language,College of Ghent,0,False,11,2056,
778,Business course 0778,Business & Management,Medical School of Dublin,0,False,2,1467,
779,"Science, course 0779","Science, Engineering & Maths",Taipei Medical University,0,False,3,1111,
780,Business course 0780,Business & Management,Academy of Seattle,0,False,2,2273,
781,Language course 0781,Language,School of Business Santiago,0,False,3,13449,
782,"Science, course 0782","Science, Engineering & Maths",Taipei Medical University,0,False,3,937,
783,Business course 0783,Business & Management,University of York,0,False,2,1031,4.5
784,Business course 0784,Business & Management,College of Helsinki,0,False,6,1198,
785,Healthcare course 0785,Healthcare & Medicine,Medical School of Dublin,39,True,4,53471,
786,IT course 0786,IT & Computer Science,University of Leeds,0,False,9,292,
787,Healthcare course 0787,Healthcare & Medicine,University of Leeds,0,False,1,924,
788,Politics course 0788,Politics & Society,School of Arts Riga,0,False,2,1469,
789,Teaching course 0789,Teaching,Academy of Osaka,0,False,4,3414,
790,"Science, course 0790","Science, Engineering & Maths",University of Turku,0,False,2,2396,
791,IT course 0791,IT & Computer Science,Academy of Maastricht,0,False,3,1448,
792,Study course 0792,Study Skills,Medical School of Manchester,39,True,11,5425,
793,"Science, course 0793","Science, Engineering & Maths",Polytechnic of Taipei,39,True,2,18632,
794,Teaching course 0794,Teaching,School of Arts Bilbao,0,False,2,1775,
795,Politics course 0795,Politics & Society,School of Arts Cape Town,0,False,5,3537,
796,IT course 0796,IT & Computer Science,School of Arts Riga,0,False,4,3098,
797,Creative course 0797,Creative Arts & Media,Polytechnic of Basel,0,False,5,1793,4.4
798,Business course 0798,Business & Management,Polytechnic of Toronto,0,False,3,3406,
799,Business course 0799,Business & Management,Medical School of Bangkok,0,False,7,453,
800,Teaching course 0800,Teaching,School of Business Hull,0,False,2,1313,
801,"Science, course 0801","Science, Engineering & Maths",Institute of Technology Bath,0,False,4,3127,
802,"Science, course 0802","Science, Engineering & Maths",Polytechnic of Twente,0,False,5,4962,
803,Healthcare course 0803,Healthcare & Medicine,Medical School of Vancouver,0,False,8,417,5.0
804,Business course 0804,Business & Management,Academy of Osaka,0,False,3,2201,
805,Creative course 0805,Creative Arts & Media,College of Bogota,0,False,5,991,
806,Study course 0806,Study Skills,Medical School of Lund,0,False,2,1547,
807,History course 0807,History,Institute of Technology Toulouse,0,False,2,4569,
808,IT course 0808,IT & Computer Science,Polytechnic of Basel,0,False,2,1544,
809,IT course 0809,IT & Computer Science,University of Singapore,0,False,6,878,
810,Teaching course 0810,Teaching,University of Leeds,0,False,3,7808,4.7
811,Business course 0811,Business & Management,School of Arts Bilbao,0,False,6,1539,
812,IT course 0812,IT & Computer Science,College of Graz,0,False,2,2600,
813,IT course 0813,IT & Computer Science,Medical School of Bangkok,0,False,8,204,
814,Language course 0814,Language,Institute of Technology Reykjavik,0,False,7,8242,
815,IT course 0815,IT & Computer Science,Polytechnic of Verona,0,False,2,1788,
816,IT course 0816,IT & Computer Science,Polytechnic of Verona,0,False,1,227,
817,Psychology course 0817,Psychology & Mental Health,University of Manchester,0,False,1,918,
818,Psychology course 0818,Psychology & Mental Health,Institute of Technology Delhi,0,False,7,1317,
819,Healthcare course 0819,Healthcare & Medicine,School of Arts Jakarta,0,False,3,11364,
820,IT course 0820,IT & Computer Science,Institute of Technology Bristol,0,False,4,2588,
821,Psychology course 0821,Psychology & Mental Health,Institute of Technology Lima,0,False,4,6545,
822,IT course 0822,IT & Computer Science,Taipei Medical University,29,True,7,7540,
823,IT course 0823,IT & Computer Science,University of Manila,0,False,4,4720,4.6
824,Business course 0824,Business & Management,University of Leeds,0,False,4,9918,4.5
825,Creative course 0825,Creative Arts & Media,School of Arts Uppsala,0,False,11,77,
826,Creative course 0826,Creative Arts & Media,School of Arts Bilbao,0,False,2,3098,
827,Study course 0827,Study Skills,Polytechnic of Portland,0,False,7,1313,
828,IT course 0828,IT & Computer Science,College of Exeter,0,False,1,248,
829,Healthcare course 0829,Healthcare & Medicine,Medical School of Geneva,0,False,4,2368,
830,IT course 0830,IT & Computer Science,College of Genoa,0,False,8,238,4.6
831,Business course 0831,Business & Management,Medical School of Seville,0,False,5,1994,
832,Politics course 0832,Politics & Society,University of Leeds,59,True,5,118090,
833,Healthcare course 0833,Healthcare & Medicine,Polytechnic of Verona,0,False,3,3290,
834,Teaching course 0834,Teaching,University of Leeds,0,False,4,17601,
835,Healthcare course 0835,Healthcare & Medicine,School of Arts Stirling,0,False,3,8146,
836,History course 0836,History,University of Leeds,0,False,4,16657,
837,Business course 0837,Business & Management,College of Helsinki,0,False,4,2458,
838,Business course 0838,Business & Management,College of Bogota,0,False,3,1926,
839,IT course 0839,IT & Computer Science,Institute of Technology Lima,0,False,3,3236,
840,Law course 0840,Law,University of Mumbai,0,False,3,1726,
841,"Science, course 0841","Science, Engineering & Maths",University of Leeds,0,False,3,5597,
842,History course 0842,History,Medical School of Seville,0,False,2,6418,
843,IT course 0843,IT & Computer Science,Academy of Lyon,0,False,8,156,
844,Business course 0844,Business & Management,Medical School of Doha,0,False,5,2549,
845,Healthcare course 0845,Healthcare & Medicine,Taipei Medical University,79,True,2,17482,4.5
846,IT course 0846,IT & Computer Science,College of Helsinki,0,False,6,1811,
847,Business course 0847,Business & Management,University of Cluj,0,False,7,1805,
848,Study course 0848,Study Skills,Medical School of Valencia,0,False,3,5407,
849,Creative course 0849,Creative Arts & Media,College of Phoenix,0,False,2,3171,
850,Business course 0850,Business & Management,Institute of Technology Oslo,0,False,1,182,4.4
851,Healthcare course 0851,Healthcare & Medicine,College of Exeter,0,False,1,463,4.4
852,Business course 0852,Business & Management,University of Leeds,69,True,6,46177,
853,IT course 0853,IT & Computer Science,School of Business Ljubljana,0,False,11,136,
854,"Science, course 0854","Science, Engineering & Maths",Institute of Technology Bath,0,False,1,342,
855,Business course 0855,Business & Management,University of Leeds,59,True,6,57588,
856,Nature course 0856,Nature & Environment,University of Austin,0,False,2,1213,
857,Business course 0857,Business & Management,University of Leeds,0,False,5,4610,
858,History course 0858,History,Taipei Medical University,59,True,6,12441,
859,"Science, course 0859","Science, Engineering & Maths",Academy of Leicester,0,False,3,2675,
860,Business course 0860,Business & Management,University of Manchester,0,False,1,584,4.6
861,Teaching course 0861,Teaching,Polytechnic of Twente,0,False,5,5035,
862,Language course 0862,Language,University of Singapore,59,True,11,5669,4.7
863,Literature course 0863,Literature,School of Arts Riga,39,True,3,184491,
864,IT course 0864,IT & Computer Science,Polytechnic of Coventry,0,False,2,2592,
865,Study course 0865,Study Skills,School of Arts Nantes,0,False,2,1872,
866,Creative course 0866,Creative Arts & Media,University of Leeds,0,False,5,6370,
867,IT course 0867,IT & Computer Science,Academy of Osaka,0,False,5,3729,
868,Healthcare course 0868,Healthcare & Medicine,Academy of Seattle,0,False,7,1706,4.9
869,Nature course 0869,Nature & Environment,College of Graz,0,False,6,970,
870,IT course 0870,IT & Computer Science,Taipei Medical University,79,True,8,2567,
871,Teaching course 0871,Teaching,Medical School of Geneva,0,False,7,399,
872,"Science, course 0872","Science, Engineering & Maths",Taipei Medical University,39,True,3,21772,
873,Literature course 0873,Literature,Academy of Brno,0,False,5,9165,
874,IT course 0874,IT & Computer Science,Vrije Universiteit Amsterdam,0,False,3,17219,
875,Business course 0875,Business & Management,University of Groningen,79,True,3,250000,
876,Business course 0876,Business & Management,College of Ghent,0,False,9,296,
877,Creative course 0877,Creative Arts & Media,University of Rennes,0,False,5,3523,4.7
878,Business course 0878,Business & Management,School of Business Ljubljana,0,False,10,297,
879,Healthcare course 0879,Healthcare & Medicine,School of Arts Stirling,0,False,4,5604,
880,Psychology course 0880,Psychology & Mental Health,University of Aarhus,0,False,4,8662,
881,Psychology course 0881,Psychology & Mental Health,Polytechnic of Twente,0,False,4,7535,
882,Language course 0882,Language,Academy of Lyon,0,False,2,12940,
883,Nature course 0883,Nature & Environment,University of Leeds,0,False,3,7783,
884,Politics course 0884,Politics & Society,Medical School of Vancouver,0,False,4,2539,
885,"Science, course 0885","Science, Engineering & Maths",University of Rennes,79,True,2,23196,
886,History course 0886,History,School of Arts Jakarta,0,False,9,321,
887,Psychology course 0887,Psychology & Mental Health,Taipei Medical University,0,False,2,2091,4.8
888,Healthcare course 0888,Healthcare & Medicine,Taipei Medical University,0,False,2,1812,
889,Psychology course 0889,Psychology & Mental Health,Institute of Technology Tallinn,0,False,6,6134,4.6
890,Business course 0890,Business & Management,Academy of Seattle,59,True,2,23526,
891,"Science, course 0891","Science, Engineering & Maths",University of Mumbai,0,False,8,305,
892,"Science, course 0892","Science, Engineering & Maths",Institute of Technology Bath,0,False,6,2224,
893,Healthcare course 0893,Healthcare & Medicine,Academy of Lyon,0,False,2,2880,
894,Healthcare course 0894,Healthcare & Medicine,Institute of Technology Bergen,0,False,6,3073,
895,Healthcare course 0895,Healthcare & Medicine,Academy of Seattle,79,True,5,77397,
896,IT course 0896,IT & Computer Science,Polytechnic of Coventry,0,False,6,2318,
897,Literature course 0897,Literature,University of Aarhus,0,False,7,2406,
898,Business course 0898,Business & Management,Institute of Technology Coimbra,0,False,6,913,
899,Business course 0899,Business & Management,School of Arts Jakarta,0,False,5,2760,
900,Law course 0900,Law,Academy of Leicester,39,True,3,79175,
901,Psychology course 0901,Psychology & Mental Health,College of Ghent,0,False,6,3206,
902,Teaching course 0902,Teaching,Taipei Medical University,79,True,10,2469,
903,Literature course 0903,Literature,School of Business Ljubljana,0,False,5,7232,
904,Business course 0904,Business & Management,University of Mumbai,0,False,5,1709,
905,IT course 0905,IT & Computer Science,Polytechnic of Toronto,0,False,4,2732,
906,Language course 0906,Language,University of Leeds,0,False,6,15400,
907,Psychology course 0907,Psychology & Mental Health,University of Manila,0,False,11,292,
908,Business course 0908,Business & Management,Institute of Technology Bristol,0,False,2,2948,
909,History course 0909,History,Institute of Technology Bath,79,True,2,100090,
910,Law course 0910,Law,Polytechnic of Twente,0,False,4,1868,
911,Business course 0911,Business & Management,College of Exeter,0,False,4,2865,
912,Teaching course 0912,Teaching,University of Granada,79,True,5,57005,
913,IT course 0913,IT & Computer Science,University of Leeds,0,False,1,720,
914,Business course 0914,Business & Management,College of Helsinki,0,False,4,3116,
915,Psychology course 0915,Psychology & Mental Health,Institute of Technology Tallinn,0,False,5,4537,
916,Politics course 0916,Politics & Society,Polytechnic of Montreal,0,False,5,3065,
917,Language course 0917,Language,University of York,0,False,5,13865,
918,Business course 0918,Business & Management,School of Arts Nantes,69,True,6,11847,4.6
919,History course 0919,History,Academy of Lagos,0,False,5,4053,
920,"Science, course 0920","Science, Engineering & Maths",Medical School of Norwich,0,False,7,1528,
921,Business course 0921,Business & Management,University of Reading,0,False,5,19025,
922,Business course 0922,Business & Management,Medical School of Norwich,0,False,4,1411,
923,Psychology course 0923,Psychology & Mental Health,University of Aarhus,0,False,5,3278,
924,"Science, course 0924","Science, Engineering & Maths",University of Leeds,0,False,2,5429,
925,Business course 0925,Business & Management,Academy of Padua,0,False,3,4176,
926,Nature course 0926,Nature & Environment,Polytechnic of Toronto,0,False,4,2477,
927,Creative course 0927,Creative Arts & Media,University of Leeds,0,False,8,973,
928,Business course 0928,Business & Management,Polytechnic of Verona,0,False,5,2979,
929,Healthcare course 0929,Healthcare & Medicine,Polytechnic of Verona,79,True,2,76306,
930,Healthcare course 0930,Healthcare & Medicine,Polytechnic of Cairo,0,False,5,2500,
931,"Science, course 0931","Science, Engineering & Maths",College of Ghent,0,False,3,3197,
932,"Science, course 0932","Science, Engineering & Maths",School of Arts Riga,120,True,6,13136,
933,History course 0933,History,University of Leeds,0,False,7,8005,
934,Creative course 0934,Creative Arts & Media,Academy of Leicester,0,False,5,1722,4.7
935,Teaching course 0935,Teaching,School of Business Hull,0,False,5,3134,
936,Psychology course 0936,Psychology & Mental Health,Polytechnic of Portland,59,True,3,75360,
937,Politics course 0937,Politics & Society,University of Turku,0,False,4,2625,
938,Psychology course 0938,Psychology & Mental Health,College of Exeter,0,False,8,573,
939,Healthcare course 0939,Healthcare & Medicine,Taipei Medical University,0,False,6,1134,
940,Nature course 0940,Nature & Environment,Institute of Technology Tallinn,0,False,4,2059,
941,Politics course 0941,Politics & Society,College of Ghent,0,False,3,4953,
942,Business course 0942,Business & Management,Medical School of Geneva,79,True,1,7776,
943,Teaching course 0943,Teaching,University of Leeds,0,False,2,4809,
944,Literature course 0944,Literature,Institute of Technology Tallinn,0,False,2,5406,
945,Language course 0945,Language,Polytechnic of Pecs,0,False,3,10087,4.9
946,Healthcare course 0946,Healthcare & Medicine,University of Leeds,0,False,9,642,
947,Business course 0947,Business & Management,Taipei Medical University,79,True,4,37732,
948,Nature course 0948,Nature & Environment,Academy of Belgrade,0,False,3,1260,
949,"Science, course 0949","Science, Engineering & Maths",Polytechnic of Montreal,0,False,2,2729,
950,Politics course 0950,Politics & Society,University of Turku,0,False,3,2355,
951,Healthcare course 0951,Healthcare & Medicine,Medical School of Vancouver,0,False,7,1258,4.6
952,Business course 0952,Business & Management,School of Arts Nantes,0,False,3,2635,
953,IT course 0953,IT & Computer Science,Institute of Technology Coimbra,0,False,6,1724,4.9
954,"Science, course 0954","Science, Engineering & Maths",School of Business Accra,0,False,7,587,
955,Creative course 0955,Creative Arts & Media,College of Bogota,0,False,2,2355,
956,Psychology course 0956,Psychology & Mental Health,School of Arts Riga,59,True,5,79263,
957,Business course 0957,Business & Management,University of Reading,89,True,10,11258,
958,Language course 0958,Language,School of Arts Cape Town,0,False,4,13590,
959,Healthcare course 0959,Healthcare & Medicine,University of Leeds,0,False,1,2207,
960,IT course 0960,IT & Computer Science,Medical School of Norwich,49,True,9,6342,
961,"Science, course 0961","Science, Engineering & Maths",University of Singapore,0,False,8,272,
962,Healthcare course 0962,Healthcare & Medicine,School of Business Tokyo,59,True,4,30620,4.7
963,History course 0963,History,Polytechnic of Pecs,39,True,5,148255,4.8
964,Psychology course 0964,Psychology & Mental Health,School of Arts Nantes,39,True,2,131433,
965,Literature course 0965,Literature,School of Arts Jakarta,0,False,7,2495,
966,Business course 0966,Business & Management,Academy of Belgrade,0,False,4,3280,
967,Business course 0967,Business & Management,University of Cluj,0,False,1,296,4.5
968,Healthcare course 0968,Healthcare & Medicine,Medical School of Valencia,0,False,5,4144,
969,Healthcare course 0969,Healthcare & Medicine,University of Leeds,0,False,10,685,
970,Literature course 0970,Literature,School of Business Accra,0,False,7,873,
971,Teaching course 0971,Teaching,School of Arts Belfast,79,True,3,57806,
972,Healthcare course 0972,Healthcare & Medicine,School of Business Accra,0,False,1,454,
973,Business course 0973,Business & Management,Polytechnic of Coventry,0,False,9,260,4.3
974,Business course 0974,Business & Management,Taipei Medical University,0,False,9,63,
975,"Science, course 0975","Science, Engineering & Maths",University of Groningen,0,False,4,30068,
976,Business course 0976,Business & Management,School of Arts Jakarta,0,False,5,5886,
977,Language course 0977,Language,Polytechnic of Toronto,0,False,4,15009,
978,Psychology course 0978,Psychology & Mental Health,Academy of Padua,0,False,4,5483,
979,Business course 0979,Business & Management,Academy of Lagos,49,True,2,36440,
980,Teaching course 0980,Teaching,School of Business Santiago,0,False,2,4876,
981,IT course 0981,IT & Computer Science,School of Business Pisa,0,False,3,1380,
982,"Science, course 0982","Science, Engineering & Maths",Institute of Technology Toulouse,0,False,7,885,4.6
983,Healthcare course 0983,Healthcare & Medicine,Medical School of Seville,49,True,2,38553,
984,Language course 0984,Language,Institute of Technology Toulouse,0,False,3,10908,
985,Creative course 0985,Creative Arts & Media,School of Business Sydney,0,False,4,2165,
986,Healthcare course 0986,Healthcare & Medicine,University of Austin,0,False,2,5416,4.8
987,Business course 0987,Business & Management,Medical School of Vancouver,0,False,2,3940,
988,History course 0988,History,Academy of Lyon,0,False,5,7008,4.8
989,Politics course 0989,Politics & Society,Academy of Osaka,0,False,3,2242,
990,IT course 0990,IT & Computer Science,University of Manchester,0,False,5,6520,
991,"Science, course 0991","Science, Engineering & Maths",Medical School of Valencia,0,False,9,172,4.6
992,"Science, course 0992","Science, Engineering & Maths",Medical School of Seville,0,False,2,1499,
993,Business course 0993,Business & Management,Taipei Medical University,39,True,9,1106,
994,Language course 0994,Language,University of Leeds,0,False,8,6643,
995,Teaching course 0995,Teaching,College of Nairobi,0,False,7,1380,
996,Psychology course 0996,Psychology & Mental Health,School of Business Ljubljana,0,False,5,15965,
997,Literature course 0997,Literature,Medical School of Doha,0,False,5,3335,
998,Law course 0998,Law,Polytechnic of Twente,0,False,5,4082,
999,Psychology course 0999,Psychology & Mental Health,College of Glasgow,0,False,6,3545,
